date,regime,p_high
2016-01-04,1,0.9994796309173003
2016-01-05,1,0.9999558464668606
2016-01-06,1,0.9999462366145601
2016-01-07,1,0.9999792343246673
2016-01-08,1,0.9999800059334805
2016-01-11,1,0.9997391921456072
2016-01-12,1,0.9997364296421254
2016-01-13,1,0.9999601177029804
2016-01-14,1,0.9999970365981166
2016-01-15,1,0.9999570578163125
2016-01-19,1,0.9999628066212212
2016-01-20,1,0.9999957718528218
2016-01-21,1,0.9999922575730922
2016-01-22,1,0.9999341080845399
2016-01-25,1,0.9995582457610104
2016-01-26,1,0.9999684320462168
2016-01-27,1,0.9999898764764753
2016-01-28,1,0.9998231312699947
2016-01-29,1,0.9970888137674824
2016-02-01,1,0.9944970041905224
2016-02-02,1,0.9972236833851058
2016-02-03,1,0.9999342862218845
2016-02-04,1,0.9999580660387084
2016-02-05,1,0.9997967199476544
2016-02-08,1,0.9999755617314322
2016-02-09,1,0.9998346962897678
2016-02-10,1,0.9991774270784787
2016-02-11,1,0.998590182320526
2016-02-12,1,0.9803631045883135
2016-02-16,1,0.9540052921939741
2016-02-17,1,0.8986942823861996
2016-02-18,1,0.8462831142698953
2016-02-19,1,0.8091787559245048
2016-02-22,1,0.7460415526118532
2016-02-23,1,0.7245414823605064
2016-02-24,1,0.7714013900445863
2016-02-25,1,0.7871513714235
2016-02-26,1,0.7957774142788522
2016-02-29,1,0.8278066257580445
2016-03-01,1,0.8828311234182945
2016-03-02,1,0.9138169669009442
2016-03-03,1,0.9433359351833781
2016-03-04,1,0.9519902235352671
2016-03-07,1,0.9448731052065503
2016-03-08,1,0.9276201749731746
2016-03-09,1,0.8902450738944253
2016-03-10,1,0.80789746556737
2016-03-11,0,0.10133096721757041
2016-03-14,0,0.025426270410615494
2016-03-15,0,0.01311366812177854
2016-03-16,0,0.008345203448668875
2016-03-17,0,0.0017880567545687396
2016-03-18,0,0.0010390789891569318
2016-03-21,0,0.0023131937642484383
2016-03-22,0,0.0005591816020323543
2016-03-23,0,0.00014631363308338543
2016-03-24,0,0.0001518142510359906
2016-03-28,0,0.00034367945334456794
2016-03-29,0,0.0015382032144396884
2016-03-30,0,0.0013367335163845802
2016-03-31,0,0.0004439819747915942
2016-04-01,0,0.0011343365325216094
2016-04-04,0,0.0028355875666484795
2016-04-05,0,0.0012558683016240272
2016-04-06,0,0.0005442038212735276
2016-04-07,0,0.0024424151891242096
2016-04-08,0,0.0037564673013620537
2016-04-11,0,0.004476207994528255
2016-04-12,0,0.0022858442992980477
2016-04-13,0,0.0005906158234229569
2016-04-14,0,0.0006321865839460908
2016-04-15,0,0.0037921025716011274
2016-04-18,0,0.004876263677981432
2016-04-19,0,0.0047837830857157485
2016-04-20,0,0.0077657508001717675
2016-04-21,0,0.015961498769936938
2016-04-22,0,0.05966473504028902
2016-04-25,0,0.12248330163618357
2016-04-26,0,0.3402832926178963
2016-04-27,1,0.9180720555370846
2016-04-28,1,0.9946116372578955
2016-04-29,1,0.9968044335279214
2016-05-02,1,0.9956711500770544
2016-05-03,1,0.9758037707788112
2016-05-04,1,0.9011834374237673
2016-05-05,1,0.8633029301540287
2016-05-06,1,0.857416709080072
2016-05-09,1,0.850828086149026
2016-05-10,1,0.8543172325292785
2016-05-11,1,0.8636340305128227
2016-05-12,1,0.8900761139641056
2016-05-13,1,0.8647470371115503
2016-05-16,1,0.6440898157655061
2016-05-17,0,0.4583574979108765
2016-05-18,0,0.27975480854636053
2016-05-19,0,0.11482571157848136
2016-05-20,0,0.006235193180892492
2016-05-23,0,0.0013276305608166572
2016-05-24,0,0.00018289976588128776
2016-05-25,0,0.0006963933751474429
2016-05-26,0,0.0035032887332850666
2016-05-27,0,0.0011566904631297023
2016-05-31,0,0.0007529393776511591
2016-06-01,0,0.0001875771042454194
2016-06-02,0,0.00047990729263274915
2016-06-03,0,0.0001998162830229878
2016-06-06,0,0.0006822826265968406
2016-06-07,0,0.0001375239759076221
2016-06-08,0,0.00012804611516560932
2016-06-09,0,0.0006620845277967893
2016-06-10,0,0.0004910870702489281
2016-06-13,0,0.009835191241435795
2016-06-14,0,0.005269463975731732
2016-06-15,0,0.0009783095679182037
2016-06-16,0,0.0003835220260126831
2016-06-17,0,0.0005074811874168346
2016-06-20,0,0.000701489647235861
2016-06-21,0,0.0050591368742358795
2016-06-22,0,0.007453839806586234
2016-06-23,0,0.02011088867624614
2016-06-24,0,0.15166455848431573
2016-06-27,0,0.12577173460237573
2016-06-28,0,0.05601711629033183
2016-06-29,0,0.011024510688924991
2016-06-30,0,0.002870198579572137
2016-07-01,0,0.0001614757242907715
2016-07-05,0,0.00019018645265846503
2016-07-06,0,0.0004818013746389206
2016-07-07,0,0.00018562603999511425
2016-07-08,0,4.841608811718853e-05
2016-07-11,0,2.1393872295452853e-05
2016-07-12,0,2.8056250686004382e-05
2016-07-13,0,4.5692597161726e-05
2016-07-14,0,5.7918501000150115e-05
2016-07-15,0,4.883860902462699e-05
2016-07-18,0,7.217625745710533e-05
2016-07-19,0,5.576360609135095e-05
2016-07-20,0,6.066799319192724e-05
2016-07-21,0,0.0003982296042661896
2016-07-22,0,0.00035963739407001365
2016-07-25,0,0.0005971171611838845
2016-07-26,0,0.0016495588969747317
2016-07-27,0,0.0019496113880929189
2016-07-28,0,0.0004799694158840479
2016-07-29,0,6.369911766080794e-05
2016-08-01,0,6.6581775361987e-05
2016-08-02,0,0.0004677069770710578
2016-08-03,0,7.448367842906974e-05
2016-08-04,0,0.00012296007787443875
2016-08-05,0,3.364216833682753e-05
2016-08-08,0,5.552648522974463e-05
2016-08-09,0,3.371701839465048e-05
2016-08-10,0,3.071607079505708e-05
2016-08-11,0,4.909999292406095e-05
2016-08-12,0,2.7749581647023038e-05
2016-08-15,0,4.9602983829697076e-05
2016-08-16,0,5.256386902877685e-05
2016-08-17,0,0.00011958366611492565
2016-08-18,0,2.1868625251895253e-05
2016-08-19,0,5.1060602019592125e-05
2016-08-22,0,0.00014430564414025292
2016-08-23,0,1.789415020633268e-05
2016-08-24,0,5.419714302747375e-05
2016-08-25,0,0.0001708069596541759
2016-08-26,0,0.0006070185048558302
2016-08-29,0,0.00011646428683838341
2016-08-30,0,3.469760979203806e-05
2016-08-31,0,9.993325887769754e-05
2016-09-01,0,0.00014168372084054291
2016-09-02,0,0.0001872259157338337
2016-09-06,0,0.0029675259550856125
2016-09-07,0,0.07985093791055974
2016-09-08,0,0.28317320321551565
2016-09-09,1,0.5571001121674107
2016-09-12,1,0.9158970495922125
2016-09-13,1,0.9512023658593612
2016-09-14,1,0.9711959123437207
2016-09-15,1,0.7250438429217199
2016-09-16,1,0.547437255642828
2016-09-19,0,0.25429236926429294
2016-09-20,0,0.08345342496044142
2016-09-21,0,0.017698468228356974
2016-09-22,0,0.00706527646006567
2016-09-23,0,0.012432844204465814
2016-09-26,0,0.0010476115132324081
2016-09-27,0,0.0001082622916973545
2016-09-28,0,0.00014461403660664065
2016-09-29,0,0.0008109221269535165
2016-09-30,0,0.0001893515885845602
2016-10-03,0,7.975178303728776e-05
2016-10-04,0,0.00047944322930534926
2016-10-05,0,4.2224200865362186e-05
2016-10-06,0,0.00016511006711289242
2016-10-07,0,0.00014566735714551627
2016-10-10,0,8.442154747944734e-05
2016-10-11,0,0.000915109835470083
2016-10-12,0,0.0005092019734760112
2016-10-13,0,0.00039825773405034374
2016-10-14,0,0.00023613285412472292
2016-10-17,0,0.00021316533081021686
2016-10-18,0,2.9992490435889643e-05
2016-10-19,0,3.68131033227833e-05
2016-10-20,0,0.00021774504914464333
2016-10-21,0,4.9315819106116076e-05
2016-10-24,0,3.8179305784735615e-05
2016-10-25,0,6.356559051897373e-05
2016-10-26,0,0.0008758690025790813
2016-10-27,0,0.0007111593552535396
2016-10-28,0,0.002608201976726793
2016-10-31,0,0.00039180448359161385
2016-11-01,0,0.00259921788376297
2016-11-02,0,0.0022563243064333436
2016-11-03,0,0.0030779583139368474
2016-11-04,0,0.02102494184789615
2016-11-07,0,0.041816091555341946
2016-11-08,0,0.17680876998135225
2016-11-09,1,0.9957697920117219
2016-11-10,1,0.9999926144002658
2016-11-11,1,0.998263505713665
2016-11-14,1,0.9819725943776213
2016-11-15,1,0.7531659638846718
2016-11-16,1,0.5731261286546965
2016-11-17,0,0.23226129322867334
2016-11-18,0,0.04315352735517954
2016-11-21,0,0.010084534315326084
2016-11-22,0,0.0005502113822768761
2016-11-23,0,0.00019316005758510777
2016-11-25,0,3.0723823887339595e-05
2016-11-28,0,9.674185956835558e-05
2016-11-29,0,0.0008886246785631387
2016-11-30,0,0.0015120504698778602
2016-12-01,0,0.005117605825885374
2016-12-02,0,0.0026510529913585865
2016-12-05,0,0.00562419155614614
2016-12-06,0,0.0004556355057003278
2016-12-07,0,0.0005138883106845413
2016-12-08,0,0.0011844427822593538
2016-12-09,0,0.0014470768500892922
2016-12-12,0,0.00031571714225050724
2016-12-13,0,0.001489608700994656
2016-12-14,0,0.0037843069976364573
2016-12-15,0,0.0017304334086102205
2016-12-16,0,0.00019671565419869408
2016-12-19,0,0.00012755072813896247
2016-12-20,0,9.008910484555038e-05
2016-12-21,0,6.887831125654051e-05
2016-12-22,0,4.41703305251855e-05
2016-12-23,0,1.3784787585244435e-05
2016-12-27,0,3.538566467246136e-05
2016-12-28,0,0.00011870074463059388
2016-12-29,0,2.6001350815241783e-05
2016-12-30,0,0.00023259191589378725
2017-01-03,0,0.0009940940206913578
2017-01-04,0,2.9606688001675034e-05
2017-01-05,0,0.00014795702705570408
2017-01-06,0,0.00023657057459547078
2017-01-09,0,9.580379772936189e-05
2017-01-10,0,9.056578879075104e-05
2017-01-11,0,0.0001609806725162174
2017-01-12,0,7.719402144872807e-05
2017-01-13,0,4.775782955548943e-05
2017-01-17,0,9.178266798182256e-05
2017-01-18,0,1.0739825470078024e-05
2017-01-19,0,3.717698593088701e-05
2017-01-20,0,7.324720788641857e-06
2017-01-23,0,2.364619038537229e-05
2017-01-24,0,1.1672725521738978e-05
2017-01-25,0,2.555698816263391e-05
2017-01-26,0,4.705322172113833e-05
2017-01-27,0,2.0903418266304285e-05
2017-01-30,0,4.574890651839476e-05
2017-01-31,0,5.836879013926935e-05
2017-02-01,0,0.0009944947074185305
2017-02-02,0,0.00046316146557370575
2017-02-03,0,6.666445415281342e-05
2017-02-06,0,4.2836551954851895e-05
2017-02-07,0,7.849658273782813e-05
2017-02-08,0,2.203702237553081e-05
2017-02-09,0,3.1811995224596464e-05
2017-02-10,0,5.0127113802163104e-05
2017-02-13,0,2.351471482363041e-05
2017-02-14,0,4.489265360430654e-05
2017-02-15,0,0.00023065326133550013
2017-02-16,0,2.760726011107258e-05
2017-02-17,0,1.1363202715830787e-05
2017-02-21,0,3.085878143475249e-05
2017-02-22,0,1.4389546736627416e-05
2017-02-23,0,3.645795076503398e-05
2017-02-24,0,2.3831411067790466e-05
2017-02-27,0,7.010980234108232e-05
2017-02-28,0,2.9414116390724095e-05
2017-03-01,0,0.00010299065984458762
2017-03-02,0,3.293598604409712e-05
2017-03-03,0,2.2568478090371686e-05
2017-03-06,0,2.4236424983946244e-05
2017-03-07,0,5.156684048994491e-05
2017-03-08,0,2.9548230182209894e-05
2017-03-09,0,0.00018440102233759938
2017-03-10,0,2.013117714489475e-05
2017-03-13,0,8.340572274648717e-06
2017-03-14,0,1.0445418857540973e-05
2017-03-15,0,2.134700431512618e-05
2017-03-16,0,1.2228988946416739e-05
2017-03-17,0,1.3208215195505668e-05
2017-03-20,0,3.0921760564878666e-05
2017-03-21,0,0.0005172602624290456
2017-03-22,0,0.00022369574042724937
2017-03-23,0,0.00010291014891996452
2017-03-24,0,6.790019815868957e-05
2017-03-27,0,0.0002030860102937945
2017-03-28,0,0.0001090114269721429
2017-03-29,0,0.00022128562306947155
2017-03-30,0,4.088993375674634e-05
2017-03-31,0,5.421957393559761e-05
2017-04-03,0,3.0976629349782435e-05
2017-04-04,0,3.92434447184331e-05
2017-04-05,0,0.0001577490692316529
2017-04-06,0,0.00014979444173292899
2017-04-07,0,2.0106632118231304e-05
2017-04-10,0,0.00010129297975365874
2017-04-11,0,0.004525479241153586
2017-04-12,0,0.0004136572757500081
2017-04-13,0,4.7364450614905804e-05
2017-04-17,0,1.6930225688872066e-05
2017-04-18,0,2.9345189693733246e-05
2017-04-19,0,2.446575509536877e-05
2017-04-20,0,4.5204901223339286e-05
2017-04-21,0,2.440319428249436e-05
2017-04-24,0,1.4090040041889604e-05
2017-04-25,0,1.1999329235347369e-05
2017-04-26,0,3.179125735667815e-05
2017-04-27,0,2.5223001250818536e-05
2017-04-28,0,2.7502092282678144e-05
2017-05-01,0,3.2159179271575085e-05
2017-05-02,0,0.0001139866655149315
2017-05-03,0,0.001855357262654748
2017-05-04,0,0.00013080304220477827
2017-05-05,0,0.00010503670960817356
2017-05-08,0,0.001351842368298166
2017-05-09,0,0.0009288773340967887
2017-05-10,0,0.0002771006819122348
2017-05-11,0,0.0003185601741047189
2017-05-12,0,0.0001313100805249777
2017-05-15,0,0.0002358758083969871
2017-05-16,0,0.0014672415837442964
2017-05-17,0,0.035909058845843195
2017-05-18,0,0.018238058554594826
2017-05-19,0,0.0010007629488544753
2017-05-22,0,0.00010706644647606901
2017-05-23,0,2.0446214982105326e-05
2017-05-24,0,2.4767185943648667e-05
2017-05-25,0,2.6680409648565756e-05
2017-05-26,0,1.484078234077407e-05
2017-05-30,0,1.991957935783874e-05
2017-05-31,0,6.616670115013081e-05
2017-06-01,0,2.6960873269399958e-05
2017-06-02,0,2.612949256983521e-05
2017-06-05,0,7.703199934656306e-05
2017-06-06,0,0.0007672403680858688
2017-06-07,0,0.004319289845224092
2017-06-08,0,0.03752193486286918
2017-06-09,1,0.9925419715612206
2017-06-12,1,0.9933920776468932
2017-06-13,1,0.8906082300623338
2017-06-14,1,0.8144751343675027
2017-06-15,1,0.710705891310803
2017-06-16,0,0.18736983924817258
2017-06-19,0,0.04123028829075679
2017-06-20,0,0.012959527041158596
2017-06-21,0,0.0006473099799338849
2017-06-22,0,0.000241792377620197
2017-06-23,0,0.00034764610226413586
2017-06-26,0,0.002695518293368058
2017-06-27,0,0.005087964161227512
2017-06-28,0,0.008151791597636073
2017-06-29,0,0.01560396454877001
2017-06-30,0,0.008526898079880326
2017-07-03,0,0.004061058731201161
2017-07-05,0,0.0016509947434390259
2017-07-06,0,0.000499296739202719
2017-07-07,0,0.00013994443342130172
2017-07-10,0,0.00024077334829066807
2017-07-11,0,0.0002033014389695277
2017-07-12,0,0.00018272573345887394
2017-07-13,0,0.0005682535493208421
2017-07-14,0,8.882995241908904e-05
2017-07-17,0,0.0002524700662073472
2017-07-18,0,8.185321067020046e-05
2017-07-19,0,0.0001086284084910043
2017-07-20,0,0.00014026392507974705
2017-07-21,0,0.00018246695462176957
2017-07-24,0,3.982939081458893e-05
2017-07-25,0,0.0001713504505650992
2017-07-26,0,0.002342491172472008
2017-07-27,0,0.09486799856758352
2017-07-28,0,0.004788848107998385
2017-07-31,0,0.0017277098390492643
2017-08-01,0,0.0022687639414429414
2017-08-02,0,0.015449484651457842
2017-08-03,0,0.004604754581427319
2017-08-04,0,0.0020065529177470762
2017-08-07,0,0.00031659745560584114
2017-08-08,0,0.004474553313330642
2017-08-09,0,0.008172218281478995
2017-08-10,0,0.012109586756581782
2017-08-11,0,0.0057550608129329555
2017-08-14,0,0.0004264554131122451
2017-08-15,0,0.00034910251280531926
2017-08-16,0,0.0014854740033148947
2017-08-17,0,0.0049348035723643414
2017-08-18,0,0.0068550106254657035
2017-08-21,0,0.004362180902465241
2017-08-22,0,0.00016934947951126035
2017-08-23,0,0.00013761533321550508
2017-08-24,0,0.0006530601690359409
2017-08-25,0,0.00012906476582157594
2017-08-28,0,0.00020106242425081057
2017-08-29,0,0.0005365315975317706
2017-08-30,0,0.0001895047481008435
2017-08-31,0,2.3277626912905575e-05
2017-09-01,0,2.723044557600585e-05
2017-09-05,0,0.0010343345902398804
2017-09-06,0,0.0004938573747452447
2017-09-07,0,0.0007647753589720557
2017-09-08,0,0.0013840411566920382
2017-09-11,0,0.019799960085883955
2017-09-12,0,0.14945314739319884
2017-09-13,0,0.03201240519531932
2017-09-14,0,0.001277129692459111
2017-09-15,0,0.00026103124011957836
2017-09-18,0,0.0003564226306579819
2017-09-19,0,0.0006959431972631232
2017-09-20,0,0.010654541377776579
2017-09-21,0,0.007990069147335984
2017-09-22,0,0.004545544987444512
2017-09-25,0,0.003826835949489458
2017-09-26,0,0.0026304701885055603
2017-09-27,0,0.000559312546406158
2017-09-28,0,7.513797687835894e-05
2017-09-29,0,0.0002916361049833469
2017-10-02,0,9.610029889562685e-05
2017-10-03,0,5.079111911934075e-05
2017-10-04,0,8.706507373259775e-05
2017-10-05,0,0.00010026345909851256
2017-10-06,0,1.857408983559503e-05
2017-10-09,0,5.234397742686231e-05
2017-10-10,0,7.119107631267522e-05
2017-10-11,0,2.232670348631794e-05
2017-10-12,0,0.00012979749432189932
2017-10-13,0,3.0234575215121427e-05
2017-10-16,0,4.852294678989508e-05
2017-10-17,0,7.084047120641394e-05
2017-10-18,0,2.398781744725023e-05
2017-10-19,0,0.00033656959128227227
2017-10-20,0,5.754313310980022e-05
2017-10-23,0,0.00030966284539720053
2017-10-24,0,4.8938217825345975e-05
2017-10-25,0,0.00020899253439841196
2017-10-26,0,0.000423750355293195
2017-10-27,0,0.013742846678599535
2017-10-30,0,0.042490527458449716
2017-10-31,0,0.04678983367682025
2017-11-01,0,0.08996322816503419
2017-11-02,0,0.11977761346816702
2017-11-03,0,0.11003034633134866
2017-11-06,0,0.020076371827306136
2017-11-07,0,0.007590923713339719
2017-11-08,0,0.000252142890051514
2017-11-09,0,0.0008267080844574833
2017-11-10,0,0.00021574862122337134
2017-11-13,0,6.143078541941737e-05
2017-11-14,0,0.0002107253741476383
2017-11-15,0,0.0002765504879168627
2017-11-16,0,5.379161653215035e-05
2017-11-17,0,9.146297977900248e-05
2017-11-20,0,2.2715368211968838e-05
2017-11-21,0,4.1467251948779495e-05
2017-11-22,0,0.00012321146256646072
2017-11-24,0,2.940864338286091e-05
2017-11-27,0,0.004720295140611815
2017-11-28,0,0.12347473738448264
2017-11-29,1,0.9276502050562068
2017-11-30,1,0.9475315913162558
2017-12-01,1,0.9441489873993005
2017-12-04,1,0.8736222066221653
2017-12-05,1,0.6550638834922248
2017-12-06,0,0.47897197317723966
2017-12-07,0,0.16117101431670638
2017-12-08,0,0.01797700614399126
2017-12-11,0,0.0019440452893342843
2017-12-12,0,6.707751058220258e-05
2017-12-13,0,7.384739216706437e-05
2017-12-14,0,6.68000100842622e-05
2017-12-15,0,4.582010087740771e-05
2017-12-18,0,9.283866592200646e-05
2017-12-19,0,0.00018456085841959274
2017-12-20,0,0.0002590787034054812
2017-12-21,0,4.665808613931305e-05
2017-12-22,0,9.280650251659818e-06
2017-12-26,0,9.739139159614314e-05
2017-12-27,0,9.552480073888984e-06
2017-12-28,0,1.1128400035562084e-05
2017-12-29,0,3.291233824158787e-05
2018-01-02,0,9.462476342327095e-05
2018-01-03,0,0.00031425311426557754
2018-01-04,0,9.607843746043436e-05
2018-01-05,0,5.772270557393773e-05
2018-01-08,0,6.952849629527215e-05
2018-01-09,0,7.899706276215394e-05
2018-01-10,0,8.932051623724244e-05
2018-01-11,0,1.5326160748934548e-05
2018-01-12,0,6.945337237915782e-05
2018-01-16,0,0.0021736647207246766
2018-01-17,0,0.0037389857315016295
2018-01-18,0,0.0029226979873603004
2018-01-19,0,0.0027294016942677217
2018-01-22,0,0.012536202948100386
2018-01-23,0,0.21108749832207452
2018-01-24,0,0.355239625991565
2018-01-25,0,0.4093103911976344
2018-01-26,1,0.5888563491866464
2018-01-29,1,0.8178219382143144
2018-01-30,1,0.8693827533656399
2018-01-31,1,0.8846806691144116
2018-02-01,1,0.9510330699228305
2018-02-02,1,0.9981011257178629
2018-02-05,1,0.9999998740843723
2018-02-06,1,0.9999999236119491
2018-02-07,1,0.999937854055615
2018-02-08,1,0.9999952525975984
2018-02-09,1,0.999999557213332
2018-02-12,1,0.9994196777396461
2018-02-13,1,0.9974188953444129
2018-02-14,1,0.9948346352542834
2018-02-15,1,0.9968777215081621
2018-02-16,1,0.9969945362613024
2018-02-20,1,0.9889757027598041
2018-02-21,1,0.9668369637535883
2018-02-22,1,0.9311369869269861
2018-02-23,1,0.8372810977087255
2018-02-26,1,0.8536451747221229
2018-02-27,1,0.9255599856822676
2018-02-28,1,0.9680145426821998
2018-03-01,1,0.9952179424032371
2018-03-02,1,0.9649602013795934
2018-03-05,1,0.7283457161016395
2018-03-06,0,0.2553923104355432
2018-03-07,0,0.07496228607574594
2018-03-08,0,0.01188566050589876
2018-03-09,0,0.001915085657550301
2018-03-12,0,0.005007808073573886
2018-03-13,0,0.018301149021862688
2018-03-14,0,0.0222383302583738
2018-03-15,0,0.013437614950644477
2018-03-16,0,0.01792423567329611
2018-03-19,0,0.09905494450357749
2018-03-20,0,0.1359263510889711
2018-03-21,0,0.39853038017379294
2018-03-22,1,0.9655346326441385
2018-03-23,1,0.99855670951612
2018-03-26,1,0.9998597932888745
2018-03-27,1,0.9999518155689134
2018-03-28,1,0.9999991864819084
2018-03-29,1,0.9999639364741437
2018-04-02,1,0.9999456816678317
2018-04-03,1,0.9999606178778435
2018-04-04,1,0.9998645145338841
2018-04-05,1,0.9969461736772603
2018-04-06,1,0.9897597401935995
2018-04-09,1,0.8344328005214724
2018-04-10,1,0.6562479890950155
2018-04-11,0,0.1885159896298436
2018-04-12,0,0.05155463730401631
2018-04-13,0,0.018841564486862392
2018-04-16,0,0.003372840937245322
2018-04-17,0,0.0030492522600970347
2018-04-18,0,0.032896554548822114
2018-04-19,0,0.12584001929845162
2018-04-20,0,0.37308241504886613
2018-04-23,1,0.5907693560207457
2018-04-24,1,0.9261919470454822
2018-04-25,1,0.9461092962315341
2018-04-26,1,0.9428554205906423
2018-04-27,1,0.9742205109211417
2018-04-30,1,0.9978384077182433
2018-05-01,1,0.989618541532536
2018-05-02,1,0.973993211853871
2018-05-03,1,0.9515564130649088
2018-05-04,1,0.8820112272586577
2018-05-07,1,0.7159219604666919
2018-05-08,0,0.3510550996048036
2018-05-09,0,0.014225445150328165
2018-05-10,0,0.0015180189361621449
2018-05-11,0,0.00039887704964274874
2018-05-14,0,0.0001723360590618487
2018-05-15,0,0.00023358515264236966
2018-05-16,0,0.00018384057442446473
2018-05-17,0,0.0003164645741567606
2018-05-18,0,0.0004983474898733358
2018-05-21,0,0.00023442864497434706
2018-05-22,0,6.248633799859742e-05
2018-05-23,0,0.00026626871849777154
2018-05-24,0,0.0005291779948065484
2018-05-25,0,0.0001438323583722308
2018-05-29,0,0.0005566063962014066
2018-05-30,0,0.0001362482700878421
2018-05-31,0,0.0007799073800059674
2018-06-01,0,0.00013892271262150243
2018-06-04,0,0.000413565984052641
2018-06-05,0,0.00018702991439919692
2018-06-06,0,0.00015229095765221094
2018-06-07,0,0.00020417744407244957
2018-06-08,0,0.00011269717648974323
2018-06-11,0,2.6731158932762234e-05
2018-06-12,0,5.563305030835728e-05
2018-06-13,0,0.0003112100846301057
2018-06-14,0,9.527192506798385e-05
2018-06-15,0,0.0002145570747098709
2018-06-18,0,8.102057553929738e-05
2018-06-19,0,0.00029435236975611527
2018-06-20,0,0.00011624902975110828
2018-06-21,0,0.0006903156885733165
2018-06-22,0,0.00042133862673683306
2018-06-25,0,0.005174276187154002
2018-06-26,0,0.0038918536213674833
2018-06-27,0,0.0033230323061812965
2018-06-28,0,0.0019228416945293605
2018-06-29,0,0.000308437484858827
2018-07-02,0,0.0006241453341120321
2018-07-03,0,0.0005396140814729875
2018-07-05,0,0.0002498724234248376
2018-07-06,0,0.0001391156684755312
2018-07-09,0,7.902869226333138e-05
2018-07-10,0,2.344184575809582e-05
2018-07-11,0,8.159697581875304e-05
2018-07-12,0,7.031440537312273e-05
2018-07-13,0,1.8434323968371213e-05
2018-07-16,0,7.934726220211039e-05
2018-07-17,0,9.414543448922727e-05
2018-07-18,0,1.6398386046243656e-05
2018-07-19,0,0.0002529109685858001
2018-07-20,0,0.00011677806263277585
2018-07-23,0,6.400761483748798e-05
2018-07-24,0,0.00011515876619517493
2018-07-25,0,0.00033670185981875196
2018-07-26,0,0.0028168243653112256
2018-07-27,0,0.014122669015808078
2018-07-30,0,0.03079201757110934
2018-07-31,0,0.07133707843363174
2018-08-01,0,0.10941291793476876
2018-08-02,0,0.108863461813649
2018-08-03,0,0.02074236345846055
2018-08-06,0,0.0020460680529438544
2018-08-07,0,0.0005296213185375931
2018-08-08,0,0.0007747133387470238
2018-08-09,0,0.00016053900538204698
2018-08-10,0,0.00027230447165683426
2018-08-13,0,0.0007060156470271059
2018-08-14,0,0.0003024768041186829
2018-08-15,0,0.0002461175936531577
2018-08-16,0,9.485032142658807e-05
2018-08-17,0,0.0006984861582741902
2018-08-20,0,0.0009435599707339745
2018-08-21,0,0.000816984943441028
2018-08-22,0,0.00047809958993139297
2018-08-23,0,0.0002606737994086187
2018-08-24,0,3.209857370242132e-05
2018-08-27,0,6.589868348715095e-05
2018-08-28,0,0.0011024817666635367
2018-08-29,0,0.01857215824528767
2018-08-30,1,0.5709653692166813
2018-08-31,1,0.5985364413551463
2018-09-04,1,0.6945265919473711
2018-09-05,1,0.9121042662416711
2018-09-06,1,0.9798794136371924
2018-09-07,1,0.9959567838945844
2018-09-10,1,0.9996948425356815
2018-09-11,1,0.9986039459751044
2018-09-12,1,0.9999328395981052
2018-09-13,1,0.9991063274998974
2018-09-14,1,0.9939423547818952
2018-09-17,1,0.9867969521153294
2018-09-18,1,0.9384943048212421
2018-09-19,1,0.5917331389005864
2018-09-20,0,0.3108990933000178
2018-09-21,0,0.10870379596752772
2018-09-24,0,0.04796042647106113
2018-09-25,0,0.01229799414485436
2018-09-26,0,0.005110172514443942
2018-09-27,0,0.001076968095285632
2018-09-28,0,0.001997846730223434
2018-10-01,0,0.0229797018246314
2018-10-02,0,0.11323100343984949
2018-10-03,0,0.2702383942680394
2018-10-04,1,0.8232595028799565
2018-10-05,1,0.9798014873770404
2018-10-08,1,0.9957613908329196
2018-10-09,1,0.998682445101934
2018-10-10,1,0.9999052580191863
2018-10-11,1,0.999999792356228
2018-10-12,1,0.9999611802431266
2018-10-15,1,0.9996518494944912
2018-10-16,1,0.9982805833983952
2018-10-17,1,0.999726793667517
2018-10-18,1,0.9997497319186645
2018-10-19,1,0.9998056789046017
2018-10-22,1,0.9997341487082633
2018-10-23,1,0.9999025758805362
2018-10-24,1,0.9999890344526772
2018-10-25,1,0.9996896606364009
2018-10-26,1,0.999995964845584
2018-10-29,1,0.9999982024249898
2018-10-30,1,0.9999968863951549
2018-10-31,1,0.9992844996400513
2018-11-01,1,0.9998329076703809
2018-11-02,1,0.9999980411926358
2018-11-05,1,0.9990250816213417
2018-11-06,1,0.9864231063341876
2018-11-07,1,0.9653581570060448
2018-11-08,1,0.9716573580362712
2018-11-09,1,0.9823732350460728
2018-11-12,1,0.9987758703229973
2018-11-13,1,0.9999895784020177
2018-11-14,1,0.9999934554704362
2018-11-15,1,0.9999783729482362
2018-11-16,1,0.9999440983177769
2018-11-19,1,0.9997621448171
2018-11-20,1,0.9999989715325653
2018-11-21,1,0.9997873840953346
2018-11-23,1,0.9980885204807015
2018-11-26,1,0.9997844962481629
2018-11-27,1,0.9999396606469889
2018-11-28,1,0.9998365211035557
2018-11-29,1,0.9996298333838656
2018-11-30,1,0.998332664222133
2018-12-03,1,0.9991600763170694
2018-12-04,1,0.9998251299302406
2018-12-06,1,0.9999902087171852
2018-12-07,1,0.999974428091747
2018-12-10,1,0.9999986841403099
2018-12-11,1,0.9999668819231023
2018-12-12,1,0.9997488436273156
2018-12-13,1,0.9999044983181599
2018-12-14,1,0.9998294476077871
2018-12-17,1,0.9997541999074911
2018-12-18,1,0.9997317307537749
2018-12-19,1,0.9999992309946437
2018-12-20,1,0.9999963106473735
2018-12-21,1,0.9999933761295562
2018-12-24,1,0.9999934250554825
2018-12-26,1,0.9999969018303907
2018-12-27,1,0.9999969380965958
2018-12-28,1,0.9999795104837683
2018-12-31,1,0.9997946527361982
2019-01-02,1,0.9999042962628371
2019-01-03,1,0.999991049542459
2019-01-04,1,0.9999627132995864
2019-01-07,1,0.9999658314049141
2019-01-08,1,0.9996981170600481
2019-01-09,1,0.9995934991667152
2019-01-10,1,0.9957374853558046
2019-01-11,1,0.9840326273574223
2019-01-14,1,0.9829285290892363
2019-01-15,1,0.9889119843428846
2019-01-16,1,0.9925339859167374
2019-01-17,1,0.999285665836966
2019-01-18,1,0.9960702823077241
2019-01-22,1,0.9965142920784943
2019-01-23,1,0.9920464394187807
2019-01-24,1,0.9863947367768415
2019-01-25,1,0.9832663177770865
2019-01-28,1,0.9898121212089633
2019-01-29,1,0.9945031467960412
2019-01-30,1,0.9940889354546553
2019-01-31,1,0.9842960714019905
2019-02-01,1,0.9588831984060209
2019-02-04,1,0.9088483060970933
2019-02-05,1,0.873352413336434
2019-02-06,1,0.7143874906792131
2019-02-07,1,0.5656346652331689
2019-02-08,0,0.30053738346572356
2019-02-11,0,0.11764352000483283
2019-02-12,0,0.008369015015107303
2019-02-13,0,0.00343378531631402
2019-02-14,0,0.0016228879376891656
2019-02-15,0,0.0005919554577588507
2019-02-19,0,8.383114491074094e-05
2019-02-20,0,0.000570881939347006
2019-02-21,0,0.0005034700023562571
2019-02-22,0,5.289334840448904e-05
2019-02-25,0,0.0001496867403741823
2019-02-26,0,0.00024116479460169226
2019-02-27,0,0.00025759222648549383
2019-02-28,0,0.00011497805197785763
2019-03-01,0,0.00020859669355999526
2019-03-04,0,0.0019024970837267982
2019-03-05,0,0.00017118520098690027
2019-03-06,0,0.0002357514474392273
2019-03-07,0,0.0007588127090725153
2019-03-08,0,0.000340190278385846
2019-03-11,0,0.00016260015957218158
2019-03-12,0,0.00047084343128226574
2019-03-13,0,0.000376918368947285
2019-03-14,0,0.0024767542328509844
2019-03-15,0,0.01076630680007788
2019-03-18,0,0.05160850367453437
2019-03-19,0,0.26965563426381617
2019-03-20,1,0.5522826808900854
2019-03-21,1,0.845769141098448
2019-03-22,1,0.9969513549213721
2019-03-25,1,0.9985706644532372
2019-03-26,1,0.964413878691019
2019-03-27,1,0.7553072062985353
2019-03-28,0,0.0943299489696179
2019-03-29,0,0.008674588306632926
2019-04-01,0,0.004333584295127228
2019-04-02,0,0.001663571185951689
2019-04-03,0,0.0013298213924374956
2019-04-04,0,0.0005767855070066244
2019-04-05,0,0.00015086181253875334
2019-04-08,0,0.00038224730446941935
2019-04-09,0,0.0009204114557844742
2019-04-10,0,0.0005739970316290093
2019-04-11,0,0.00026015750040507047
2019-04-12,0,0.0006518538047698949
2019-04-15,0,0.0002279094924733967
2019-04-16,0,0.0037663386003915413
2019-04-17,0,0.005285644711036397
2019-04-18,0,0.0009681687749226169
2019-04-22,0,2.500229071651541e-05
2019-04-23,0,8.085338042813856e-05
2019-04-24,0,0.0002088688811287344
2019-04-25,0,0.002278832471104653
2019-04-26,0,0.008148009056034895
2019-04-29,0,0.06374227768822532
2019-04-30,1,0.5595459372682704
2019-05-01,1,0.8683950508020413
2019-05-02,1,0.8695377664539928
2019-05-03,1,0.8183695167608469
2019-05-06,1,0.9201091190746821
2019-05-07,1,0.9865802695492337
2019-05-08,1,0.998007209772505
2019-05-09,1,0.9999387854136618
2019-05-10,1,0.9999923733607895
2019-05-13,1,0.9999822883172849
2019-05-14,1,0.9998278774963494
2019-05-15,1,0.9982829141839009
2019-05-16,1,0.9978984959570765
2019-05-17,1,0.9998099736173031
2019-05-20,1,0.9999034086138838
2019-05-21,1,0.9767628083935155
2019-05-22,1,0.9774069370793185
2019-05-23,1,0.9773735444772171
2019-05-24,1,0.965970098112065
2019-05-28,1,0.9554426715739053
2019-05-29,1,0.956393599274965
2019-05-30,1,0.9496648791100786
2019-05-31,1,0.9709519320173097
2019-06-03,1,0.9999498512324287
2019-06-04,1,0.962400722826928
2019-06-05,1,0.9347559835561088
2019-06-06,1,0.6851990319830868
2019-06-07,0,0.48980096339292173
2019-06-10,0,0.308133618211099
2019-06-11,0,0.20298710688384936
2019-06-12,0,0.0757653918891493
2019-06-13,0,0.042532808254055754
2019-06-14,0,0.025744217382991732
2019-06-17,0,0.01585560043006173
2019-06-18,0,0.034441415980193
2019-06-19,0,0.03219608794449463
2019-06-20,0,0.013237592752188897
2019-06-21,0,0.0009875130386285528
2019-06-24,0,0.00018817613582130594
2019-06-25,0,0.0007930077507399881
2019-06-26,0,0.0010685495126454036
2019-06-27,0,0.00025183583728879315
2019-06-28,0,0.0011487139851185791
2019-07-01,0,0.0033069792101903003
2019-07-02,0,0.0006339407673030414
2019-07-03,0,1.9336534143382983e-05
2019-07-05,0,0.00014344778387229043
2019-07-08,0,0.0004954854325689543
2019-07-09,0,7.601166105384205e-05
2019-07-10,0,0.0003282021097253016
2019-07-11,0,0.00010459622309799888
2019-07-12,0,3.942198390770134e-05
2019-07-15,0,0.00017660959717590488
2019-07-16,0,0.00013226188535574114
2019-07-17,0,5.026816625442292e-05
2019-07-18,0,0.0002498936464094102
2019-07-19,0,0.0007743677579249908
2019-07-22,0,0.0001774014300503638
2019-07-23,0,9.875465479865289e-05
2019-07-24,0,0.00024204813256043726
2019-07-25,0,0.0006813245301421541
2019-07-26,0,0.002825776106005857
2019-07-29,0,0.020416180022447352
2019-07-30,0,0.16071581354267991
2019-07-31,1,0.9631059073294747
2019-08-01,1,0.9999375616961179
2019-08-02,1,0.9998495552401986
2019-08-05,1,0.9999347853215473
2019-08-06,1,0.9995878247147673
2019-08-07,1,0.998443281264774
2019-08-08,1,0.9778986101455343
2019-08-09,1,0.9895440212718867
2019-08-12,1,0.9933446297424007
2019-08-13,1,0.999991981943089
2019-08-14,1,0.9969609680448807
2019-08-15,1,0.9789631112684113
2019-08-16,1,0.5652436633055193
2019-08-19,0,0.43725912786797133
2019-08-20,0,0.3887080432078107
2019-08-21,0,0.399901641557463
2019-08-22,1,0.5421415498919413
2019-08-23,1,0.9396631576956773
2019-08-26,1,0.7511235043767152
2019-08-27,0,0.4975365280462441
2019-08-28,0,0.12184884270171495
2019-08-29,0,0.022986514592293478
2019-08-30,0,0.009027767549729749
2019-09-03,0,0.0022650417486427283
2019-09-04,0,0.00016565897149188456
2019-09-05,0,0.0004203764086256474
2019-09-06,0,0.00272336829406426
2019-09-09,0,0.024117267734203744
2019-09-10,0,0.11997830538717093
2019-09-11,0,0.10898766952371743
2019-09-12,0,0.0978590922217128
2019-09-13,0,0.08320218774991907
2019-09-16,0,0.02402385792084449
2019-09-17,0,0.009260558141942325
2019-09-18,0,0.02118074432861468
2019-09-19,0,0.038567901314739556
2019-09-20,0,0.08882410728804552
2019-09-23,0,0.10168175228548376
2019-09-24,0,0.16132909808958443
2019-09-25,0,0.1462155371782607
2019-09-26,0,0.14969802501924456
2019-09-27,0,0.170845103866442
2019-09-30,0,0.1838705758871832
2019-10-01,0,0.3657917456665316
2019-10-02,0,0.42292237818963285
2019-10-03,0,0.47985854055433685
2019-10-04,0,0.4247014217766844
2019-10-07,0,0.39801020896019984
2019-10-08,0,0.371743263398099
2019-10-09,0,0.02464314391196564
2019-10-10,0,0.00535148502417786
2019-10-11,0,0.0005815581032713587
2019-10-14,0,0.00040511402328366236
2019-10-15,0,0.0002515047390884962
2019-10-16,0,9.164708761120918e-05
2019-10-17,0,0.00015272195863039217
2019-10-18,0,0.00015098630535700843
2019-10-21,0,0.000273361898013109
2019-10-22,0,0.0003183186973829369
2019-10-23,0,0.0002436916307581104
2019-10-24,0,0.0003504986786475372
2019-10-25,0,0.00020298213185255789
2019-10-28,0,0.0009929615618094842
2019-10-29,0,0.021641960415244466
2019-10-30,0,0.02027279364593422
2019-10-31,0,0.023988502275698594
2019-11-01,0,0.0051552250129775394
2019-11-04,0,0.002022923444355317
2019-11-05,0,0.00016064104547383837
2019-11-06,0,0.00013076242260854308
2019-11-07,0,0.00012868447725854397
2019-11-08,0,6.678845205878653e-05
2019-11-11,0,9.958231525887804e-05
2019-11-12,0,6.4925283725001e-05
2019-11-13,0,0.0005526829804711523
2019-11-14,0,0.0001724971124017595
2019-11-15,0,7.296242939588182e-05
2019-11-18,0,6.881873337229505e-05
2019-11-19,0,0.00016053546543882952
2019-11-20,0,0.002192797916094879
2019-11-21,0,0.0003714561249882819
2019-11-22,0,0.00021191799363120466
2019-11-25,0,3.9588500712983826e-05
2019-11-26,0,0.00025960949658353693
2019-11-27,0,1.6779686682454892e-05
2019-11-29,0,4.845965324879136e-05
2019-12-02,0,0.0011103319968167784
2019-12-03,0,0.0021376426449081594
2019-12-04,0,0.00021440655663211716
2019-12-05,0,0.00018256858372606082
2019-12-06,0,2.695028286168435e-05
2019-12-09,0,0.0003119228721086027
2019-12-10,0,0.0007878970627594446
2019-12-11,0,0.0008990638375191442
2019-12-12,0,0.0156962007229986
2019-12-13,0,0.009800242384067947
2019-12-16,0,0.0005235149491275414
2019-12-17,0,5.0704546347928156e-05
2019-12-18,0,4.836457973919191e-05
2019-12-19,0,7.086814458373687e-05
2019-12-20,0,7.379013465661818e-05
2019-12-23,0,2.2087012564556722e-05
2019-12-24,0,4.465744774022532e-05
2019-12-26,0,0.00020105090556345507
2019-12-27,0,0.005180292090044899
2019-12-30,0,0.006924046582548398
2019-12-31,0,0.004618017355868033
2020-01-02,0,0.0023313422166062634
2020-01-03,0,0.0018992989716825523
2020-01-06,0,0.0008357922109010822
2020-01-07,0,0.001321590714266219
2020-01-08,0,0.0024990852329228367
2020-01-09,0,0.005220694485579009
2020-01-10,0,0.004257694194719301
2020-01-13,0,0.003801915965066778
2020-01-14,0,0.012965837281353428
2020-01-15,0,0.008054079731808134
2020-01-16,0,0.0010820469733816953
2020-01-17,0,0.00024200550660415714
2020-01-21,0,0.00030429964518317615
2020-01-22,0,0.002335950841703265
2020-01-23,0,0.01932782517016692
2020-01-24,0,0.0894432772687486
2020-01-27,0,0.18438933668469515
2020-01-28,0,0.22571571443383523
2020-01-29,1,0.5656830818074835
2020-01-30,1,0.7075540532021948
2020-01-31,1,0.8133145600151263
2020-02-03,1,0.7878480163236004
2020-02-04,1,0.6345491649459605
2020-02-05,0,0.47870604776784326
2020-02-06,0,0.12508258901898567
2020-02-07,0,0.04723103234413984
2020-02-10,0,0.0344541123856625
2020-02-11,0,0.009306821446664415
2020-02-12,0,0.003054568063341656
2020-02-13,0,0.003318018698054525
2020-02-14,0,0.004489738095952574
2020-02-18,0,0.030712388309449633
2020-02-19,0,0.04617047445893234
2020-02-20,0,0.2995091741195904
2020-02-21,1,0.8234070218906582
2020-02-24,1,0.9983873903098754
2020-02-25,1,0.9999942635974363
2020-02-26,1,0.999998973746929
2020-02-27,1,0.9999999920499245
2020-02-28,1,0.9999999996917418
2020-03-02,1,0.999999958550443
2020-03-03,1,0.9999999993268216
2020-03-04,1,0.9999952322569472
2020-03-05,1,0.9999939136886749
2020-03-06,1,0.9999993771336104
2020-03-09,1,0.9999999992294611
2020-03-10,1,0.9999999897125218
2020-03-11,1,0.9999995948461916
2020-03-12,1,0.9999999999984945
2020-03-13,1,0.9999999998921105
2020-03-16,1,0.9999999998917953
2020-03-17,1,0.999999999150633
2020-03-18,1,0.999999991674712
2020-03-19,1,0.9999999916568032
2020-03-20,1,0.9999999960704349
2020-03-23,1,0.999999999840075
2020-03-24,1,0.999999849301217
2020-03-25,1,0.9999999968792879
2020-03-26,1,0.9999998779148235
2020-03-27,1,0.9999973058226652
2020-03-30,1,0.9999053825229094
2020-03-31,1,0.9999923709136703
2020-04-01,1,0.9999753971987524
2020-04-02,1,0.9999989107388407
2020-04-03,1,0.9999644002857528
2020-04-06,1,0.9999754860838291
2020-04-07,1,0.9999986751695997
2020-04-08,1,0.9999297949936595
2020-04-09,1,0.9999712232360342
2020-04-13,1,0.9997970988819288
2020-04-14,1,0.999808693383027
2020-04-15,1,0.9997260159095346
2020-04-16,1,0.9999059709178306
2020-04-17,1,0.9999510898239619
2020-04-20,1,0.9994562984754217
2020-04-21,1,0.9999842182526321
2020-04-22,1,0.9983032556691893
2020-04-23,1,0.9998889822832124
2020-04-24,1,0.9970784730953319
2020-04-27,1,0.9984989961857734
2020-04-28,1,0.999363372803185
2020-04-29,1,0.999490953303317
2020-04-30,1,0.9998092536795496
2020-05-01,1,0.9999864449903515
2020-05-04,1,0.9921118647391979
2020-05-05,1,0.9774841618378979
2020-05-06,1,0.9404575031397666
2020-05-07,1,0.7989863870536003
2020-05-08,1,0.7716052645994202
2020-05-11,1,0.8040087818882079
2020-05-12,1,0.9646383535831977
2020-05-13,1,0.9997783610635472
2020-05-14,1,0.9993840700036251
2020-05-15,1,0.976109919735883
2020-05-18,1,0.8408393799661721
2020-05-19,1,0.7069864178133709
2020-05-20,1,0.618257427934901
2020-05-21,1,0.6187131494415249
2020-05-22,1,0.6115557566674699
2020-05-26,1,0.7139697643535814
2020-05-27,1,0.8472583772923654
2020-05-28,1,0.861069709890396
2020-05-29,1,0.80186381575455
2020-06-01,0,0.07760022004731965
2020-06-02,0,0.017736563279662124
2020-06-03,0,0.008957276952979642
2020-06-04,0,0.01261599016640337
2020-06-05,0,0.05985726570052013
2020-06-08,0,0.1552619099250632
2020-06-09,1,0.8181664775433072
2020-06-10,1,0.9953004792536466
2020-06-11,1,0.9999475603943873
2020-06-12,1,0.9999886195518193
2020-06-15,1,0.9999534979827687
2020-06-16,1,0.9997184295501872
2020-06-17,1,0.9717534466222411
2020-06-18,1,0.9716255209208139
2020-06-19,1,0.9938468403688849
2020-06-22,1,0.9955819766901667
2020-06-23,1,0.9976562294901546
2020-06-24,1,0.9998247008050904
2020-06-25,1,0.999878311921849
2020-06-26,1,0.9999427835422656
2020-06-29,1,0.996225245479544
2020-06-30,1,0.9512105412272317
2020-07-01,1,0.9056588284440357
2020-07-02,1,0.8831070401172705
2020-07-06,1,0.8899510929744017
2020-07-07,1,0.9364900714880149
2020-07-08,1,0.9639066819252904
2020-07-09,1,0.9808248127655558
2020-07-10,1,0.9858031594470134
2020-07-13,1,0.9998310028628535
2020-07-14,1,0.9999976614196957
2020-07-15,1,0.9994059727204192
2020-07-16,1,0.973347796043277
2020-07-17,1,0.911965682280807
2020-07-20,1,0.9001122455916514
2020-07-21,1,0.9321590320247803
2020-07-22,1,0.9369219649473793
2020-07-23,1,0.9993935537510451
2020-07-24,1,0.9999935407563252
2020-07-27,1,0.999456513708443
2020-07-28,1,0.9977337765077237
2020-07-29,1,0.9970858402197503
2020-07-30,1,0.9988804540450413
2020-07-31,1,0.9999283623528914
2020-08-03,1,0.9999973946993186
2020-08-04,1,0.9998981562722455
2020-08-05,1,0.9979322101969467
2020-08-06,1,0.998662968833441
2020-08-07,1,0.9999368134601664
2020-08-10,1,0.9999776582744581
2020-08-11,1,0.9997812249503183
2020-08-12,1,0.9985858818233617
2020-08-13,1,0.9970097132824475
2020-08-14,1,0.9903726097642093
2020-08-17,1,0.9773264212480245
2020-08-18,1,0.974896423965259
2020-08-19,1,0.980559820625131
2020-08-20,1,0.9805755378880648
2020-08-21,1,0.9993886138977991
2020-08-24,1,0.9999901813016076
2020-08-25,1,0.9995938628190795
2020-08-26,1,0.9991629710890099
2020-08-27,1,0.9995875381592862
2020-08-28,1,0.9998644105845031
2020-08-31,1,0.9999898584692314
2020-09-01,1,0.999856074002584
2020-09-02,1,0.9999999957082267
2020-09-03,1,0.9999999683043453
2020-09-04,1,0.9999999999809228
2020-09-08,1,0.9999999648794456
2020-09-09,1,0.9999974407878239
2020-09-10,1,0.9999996885853831
2020-09-11,1,0.9999999183490283
2020-09-14,1,0.9999881240173432
2020-09-15,1,0.9999985115632699
2020-09-16,1,0.9999916147954216
2020-09-17,1,0.9999986546079491
2020-09-18,1,0.9999942202196985
2020-09-21,1,0.9999999412615735
2020-09-22,1,0.999997625757427
2020-09-23,1,0.9999883139267375
2020-09-24,1,0.9999998185607738
2020-09-25,1,0.9999644664936299
2020-09-28,1,0.9998762037125537
2020-09-29,1,0.9995872218934233
2020-09-30,1,0.9999699611676528
2020-10-01,1,0.9996444908985783
2020-10-02,1,0.9999466347915046
2020-10-05,1,0.9965642845424799
2020-10-06,1,0.9997886514274273
2020-10-07,1,0.964652683263413
2020-10-08,1,0.9396945819566328
2020-10-09,1,0.9418065664993513
2020-10-12,1,0.9963689485732463
2020-10-13,1,0.9999994355837992
2020-10-14,1,0.9999802037982372
2020-10-15,1,0.9998061523338723
2020-10-16,1,0.999587357903704
2020-10-19,1,0.9999293504570537
2020-10-20,1,0.9999780269622831
2020-10-21,1,0.9999276114085011
2020-10-22,1,0.9997721688478921
2020-10-23,1,0.9994563678562441
2020-10-26,1,0.9999663822025957
2020-10-27,1,0.9999264895614431
2020-10-28,1,0.9999748542214765
2020-10-29,1,0.9999906359392491
2020-10-30,1,0.9999954137420191
2020-11-02,1,0.9999795151951086
2020-11-03,1,0.9998560154733687
2020-11-04,1,0.9999563871535392
2020-11-05,1,0.9999248425182176
2020-11-06,1,0.9998099299136342
2020-11-09,1,0.9999993415937243
2020-11-10,1,0.9999988535576884
2020-11-11,1,0.9992409962171569
2020-11-12,1,0.9993561430560638
2020-11-13,1,0.9975704637643956
2020-11-16,1,0.9958176678051867
2020-11-17,1,0.9869109988629747
2020-11-18,1,0.9843240487833548
2020-11-19,1,0.9816164346267177
2020-11-20,1,0.9716287135920925
2020-11-23,1,0.9915980280044714
2020-11-24,1,0.9937041932143131
2020-11-25,1,0.9821480034943578
2020-11-27,1,0.9739601234211966
2020-11-30,1,0.9998304869968836
2020-12-01,1,0.9998319363637344
2020-12-02,1,0.998469177343866
2020-12-03,1,0.9926546099197026
2020-12-04,1,0.9922274335554013
2020-12-07,1,0.990243671991282
2020-12-08,1,0.9900117848252243
2020-12-09,1,0.9998093158057253
2020-12-10,1,0.9994022077687156
2020-12-11,1,0.9970460022042716
2020-12-14,1,0.9918344216177954
2020-12-15,1,0.9994695880025973
2020-12-16,1,0.9958707593053181
2020-12-17,1,0.9838044338895493
2020-12-18,1,0.991546949716972
2020-12-21,1,0.9997725842942468
2020-12-22,1,0.9999524428215548
2020-12-23,1,0.986770149271554
2020-12-24,1,0.9814638060854962
2020-12-28,1,0.9871434298928959
2020-12-29,1,0.9990134349135406
2020-12-30,1,0.998257770339175
2020-12-31,1,0.9988864661664815
2021-01-04,1,0.9999949672131043
2021-01-05,1,0.9999029667706717
2021-01-06,1,0.9999940364541391
2021-01-07,1,0.999401563961859
2021-01-08,1,0.998075986542071
2021-01-11,1,0.993007836364168
2021-01-12,1,0.9970925740526554
2021-01-13,1,0.9958730276463269
2021-01-14,1,0.9914703903066019
2021-01-15,1,0.9958384278096498
2021-01-19,1,0.9948572002827484
2021-01-20,1,0.9975398687949085
2021-01-21,1,0.9977578379584822
2021-01-22,1,0.9995081726761759
2021-01-25,1,0.9999998457176532
2021-01-26,1,0.9999475907041472
2021-01-27,1,0.9999925191205126
2021-01-28,1,0.9999982984729505
2021-01-29,1,0.99999932935226
2021-02-01,1,0.9959088398200114
2021-02-02,1,0.7554178042368384
2021-02-03,1,0.5222532047960802
2021-02-04,0,0.273062287661789
2021-02-05,0,0.1776312143328541
2021-02-08,0,0.14914969783622178
2021-02-09,0,0.12673262418617773
2021-02-10,0,0.13761186957616867
2021-02-11,0,0.13681107433764003
2021-02-12,0,0.19534347931194312
2021-02-16,0,0.4740470799172324
2021-02-17,1,0.8161681991492035
2021-02-18,1,0.9215493027807029
2021-02-19,1,0.9692468827921482
2021-02-22,1,0.9990039740644855
2021-02-23,1,0.9999998694288705
2021-02-24,1,0.9999869615176705
2021-02-25,1,0.9999982644121016
2021-02-26,1,0.9999999125784028
2021-03-01,1,0.9998842306978779
2021-03-02,1,0.9999743441983951
2021-03-03,1,0.9999553631325938
2021-03-04,1,0.9999996660396192
2021-03-05,1,0.9999979863655126
2021-03-08,1,0.9999974632287
2021-03-09,1,0.9997476939632861
2021-03-10,1,0.9999723430520044
2021-03-11,1,0.9997735652038432
2021-03-12,1,0.9991466000640925
2021-03-15,1,0.9997323433836625
2021-03-16,1,0.9994583357410444
2021-03-17,1,0.9998626262668309
2021-03-18,1,0.9985387819859395
2021-03-19,1,0.9987021261109372
2021-03-22,1,0.9973225348794268
2021-03-23,1,0.9983897687906487
2021-03-24,1,0.998427044560695
2021-03-25,1,0.9994482614707089
2021-03-26,1,0.9830383198860934
2021-03-29,1,0.9404857921153227
2021-03-30,1,0.7610751314340376
2021-03-31,1,0.6523051363919262
2021-04-01,1,0.5347193558176532
2021-04-05,0,0.48307048503394373
2021-04-06,0,0.3390468216994677
2021-04-07,0,0.1843715865691103
2021-04-08,0,0.1250072176373889
2021-04-09,0,0.11835740709452831
2021-04-12,0,0.12247992519528475
2021-04-13,0,0.15985848980042888
2021-04-14,0,0.17307891297840539
2021-04-15,0,0.15857280102189283
2021-04-16,0,0.1689047155950409
2021-04-19,0,0.2855533338451419
2021-04-20,0,0.31766267853373126
2021-04-21,0,0.2944054178840955
2021-04-22,0,0.26431299119019847
2021-04-23,0,0.12320571992823691
2021-04-26,0,0.11462886631246551
2021-04-27,0,0.1707439228484619
2021-04-28,0,0.46373166516218267
2021-04-29,1,0.9082586248957802
2021-04-30,1,0.9241864469468986
2021-05-03,1,0.9578616022251232
2021-05-04,1,0.9956236373377662
2021-05-05,1,0.9925631425520286
2021-05-06,1,0.9900546190154187
2021-05-07,1,0.9811838295498823
2021-05-10,1,0.9891027491955204
2021-05-11,1,0.9959430285306097
2021-05-12,1,0.9926206691093444
2021-05-13,1,0.9827901115241564
2021-05-14,1,0.7966940859787982
2021-05-17,1,0.6998791498319255
2021-05-18,1,0.641059451526764
2021-05-19,1,0.60396883322573
2021-05-20,0,0.10310618905943686
2021-05-21,0,0.041844223370345185
2021-05-24,0,0.004431670196034678
2021-05-25,0,0.0005942243614595568
2021-05-26,0,5.94802740254967e-05
2021-05-27,0,0.0002015351919969556
2021-05-28,0,0.0005474594348824419
2021-06-01,0,0.00045277355667788636
2021-06-02,0,0.00030047864598600543
2021-06-03,0,0.0011283111381854875
2021-06-04,0,0.0005460073985285105
2021-06-07,0,0.00153893962099782
2021-06-08,0,0.011966007547060786
2021-06-09,0,0.0021967802096753888
2021-06-10,0,0.0017908871206653632
2021-06-11,0,0.0029289373417415022
2021-06-14,0,0.028384449460331748
2021-06-15,0,0.03294735679798295
2021-06-16,0,0.05361093340366296
2021-06-17,0,0.03947437168679413
2021-06-18,0,0.021685334501239377
2021-06-21,0,0.022099823211692397
2021-06-22,0,0.011696903651778381
2021-06-23,0,0.0009406852488909045
2021-06-24,0,0.00014421185080456985
2021-06-25,0,3.402260203624224e-05
2021-06-28,0,6.749227310356007e-05
2021-06-29,0,0.0002689942854873631
2021-06-30,0,0.0004748915875880918
2021-07-01,0,0.004566587282778784
2021-07-02,0,0.047081749882461395
2021-07-06,1,0.9078578716306754
2021-07-07,1,0.9515434141874147
2021-07-08,1,0.9682006515578916
2021-07-09,1,0.9544846451218156
2021-07-12,1,0.962803948115523
2021-07-13,1,0.977488383699227
2021-07-14,1,0.9833693629394137
2021-07-15,1,0.9823184751524023
2021-07-16,1,0.9586013482507847
2021-07-19,1,0.9263867702288712
2021-07-20,0,0.28251548784748354
2021-07-21,0,0.05336808546330993
2021-07-22,0,0.0345656201188033
2021-07-23,0,0.02541606523550908
2021-07-26,0,0.055984245683016305
2021-07-27,0,0.16513160757973241
2021-07-28,0,0.2722019080965201
2021-07-29,0,0.1310274408700145
2021-07-30,0,0.06783190895199862
2021-08-02,0,0.03508996740673578
2021-08-03,0,0.030477425766206295
2021-08-04,0,0.0040107736673094235
2021-08-05,0,0.00024607987666576766
2021-08-06,0,0.00020217879295836608
2021-08-09,0,8.787821009685283e-05
2021-08-10,0,0.0006518273097766852
2021-08-11,0,0.0024235961602629245
2021-08-12,0,0.03058484665749924
2021-08-13,0,0.13867884627000504
2021-08-16,1,0.827926528253194
2021-08-17,1,0.8493661765623061
2021-08-18,1,0.8445045134913494
2021-08-19,1,0.8276302288788323
2021-08-20,0,0.11889095822529683
2021-08-23,0,0.018060254478538842
2021-08-24,0,0.0022024403231743856
2021-08-25,0,0.0002636521954389688
2021-08-26,0,0.000536497770750031
2021-08-27,0,0.0010001095447235919
2021-08-30,0,0.0035777275780143614
2021-08-31,0,0.0051880158256520665
2021-09-01,0,0.014272830043183318
2021-09-02,0,0.007697576045017095
2021-09-03,0,0.01543000958933348
2021-09-07,0,0.0272506121391856
2021-09-08,0,0.09947647035574772
2021-09-09,0,0.18195911043004964
2021-09-10,1,0.7126868923868404
2021-09-13,1,0.6710671700550943
2021-09-14,1,0.624726553971107
2021-09-15,0,0.4705639346572003
2021-09-16,0,0.31503158346632326
2021-09-17,0,0.27613652134001354
2021-09-20,0,0.278454531623751
2021-09-21,0,0.2792732163170959
2021-09-22,0,0.271394349632671
2021-09-23,0,0.2621351255344795
2021-09-24,0,0.29501889049412333
2021-09-27,1,0.7750798123061402
2021-09-28,1,0.8805072102745222
2021-09-29,1,0.9189012282001523
2021-09-30,1,0.9291479317638548
2021-10-01,1,0.918787748949042
2021-10-04,1,0.8473210959354326
2021-10-05,1,0.5392592524607532
2021-10-06,0,0.4293970139892042
2021-10-07,0,0.06252774574521407
2021-10-08,0,0.005553550564686788
2021-10-11,0,0.001331424514288713
2021-10-12,0,0.001062860441923771
2021-10-13,0,0.0010307271238823002
2021-10-14,0,0.00011421470008638855
2021-10-15,0,0.00016057630490552108
2021-10-18,0,0.000490567684581214
2021-10-19,0,0.0010416469081367485
2021-10-20,0,0.000881573490049871
2021-10-21,0,0.003637573300072468
2021-10-22,0,0.001649738318843099
2021-10-25,0,0.0019399414660148944
2021-10-26,0,0.006991383303232082
2021-10-27,0,0.0038943549467328016
2021-10-28,0,0.010973429988205594
2021-10-29,0,0.026460364568174206
2021-11-01,0,0.009718147749885973
2021-11-02,0,0.006811485172914459
2021-11-03,0,0.0019325014553761514
2021-11-04,0,0.0008011859650945388
2021-11-05,0,0.00016579075932424616
2021-11-08,0,6.683158839105272e-05
2021-11-09,0,0.00045772725615475453
2021-11-10,0,0.0015330548824834603
2021-11-11,0,0.0005420602347981133
2021-11-12,0,0.007361907118846235
2021-11-15,0,0.028941487986041087
2021-11-16,0,0.09419389416441618
2021-11-17,1,0.631223802325311
2021-11-18,1,0.9434675036372113
2021-11-19,1,0.9702037656349191
2021-11-22,1,0.9976150574882536
2021-11-23,1,0.9991583592705777
2021-11-24,1,0.9935985776607439
2021-11-26,1,0.9901764742892077
2021-11-29,1,0.9907782175067317
2021-11-30,1,0.999707306166844
2021-12-01,1,0.9999849802634045
2021-12-02,1,0.9999808491932569
2021-12-03,1,0.9999922235391231
2021-12-06,1,0.9999518299336246
2021-12-07,1,0.9992465026750837
2021-12-08,1,0.999852970679588
2021-12-09,1,0.9997359395944339
2021-12-10,1,0.9984729197664237
2021-12-13,1,0.999938385145743
2021-12-14,1,0.9999807369733605
2021-12-15,1,0.9999985687271947
2021-12-16,1,0.999996086793515
2021-12-17,1,0.999985977167359
2021-12-20,1,0.9968350617914921
2021-12-21,1,0.8820609287681456
2021-12-22,1,0.6746944242061144
2021-12-23,0,0.17943416634125323
2021-12-27,0,0.10464407526725235
2021-12-28,0,0.10254903523139064
2021-12-29,0,0.07830259116899556
2021-12-30,0,0.06372258457494277
2021-12-31,0,0.11856266926400182
2022-01-03,1,0.7597261371064209
2022-01-04,1,0.9612557795754573
2022-01-05,1,0.9953336908143194
2022-01-06,1,0.9998655589270294
2022-01-07,1,0.9997394404235608
2022-01-10,1,0.9999075578029916
2022-01-11,1,0.9996034953069245
2022-01-12,1,0.9977113989901217
2022-01-13,1,0.9991545395218898
2022-01-14,1,0.9995028589509437
2022-01-18,1,0.9992692271351753
2022-01-19,1,0.9986648362844955
2022-01-20,1,0.9995751005922664
2022-01-21,1,0.9999865128330734
2022-01-24,1,0.9999995957677562
2022-01-25,1,0.9999904275688343
2022-01-26,1,0.9999996155536184
2022-01-27,1,0.9999958531343044
2022-01-28,1,0.9999801339012487
2022-01-31,1,0.9990249181735943
2022-02-01,1,0.9982760767637439
2022-02-02,1,0.9988383866526552
2022-02-03,1,0.9977698956819637
2022-02-04,1,0.9979645600922277
2022-02-07,1,0.9943779787807586
2022-02-08,1,0.9893503341648845
2022-02-09,1,0.9805034400904059
2022-02-10,1,0.9922099362914004
2022-02-11,1,0.9995232177351157
2022-02-14,1,0.9985750613873853
2022-02-15,1,0.9523107303826396
2022-02-16,1,0.9472714160418818
2022-02-17,1,0.9530171435194654
2022-02-18,1,0.9939069444239276
2022-02-22,1,0.999672907359857
2022-02-23,1,0.9997711740984278
2022-02-24,1,0.999999728368094
2022-02-25,1,0.9999175776503713
2022-02-28,1,0.999926026180169
2022-03-01,1,0.99994936165541
2022-03-02,1,0.9999448439784937
2022-03-03,1,0.9998145504834544
2022-03-04,1,0.9999280381569687
2022-03-07,1,0.9999641921574814
2022-03-08,1,0.9999997223944292
2022-03-09,1,0.9997655953573769
2022-03-10,1,0.9997664002746185
2022-03-11,1,0.9999022853350571
2022-03-14,1,0.9998709554369365
2022-03-15,1,0.9999660515580009
2022-03-16,1,0.9999855841757422
2022-03-17,1,0.9996208081635372
2022-03-18,1,0.9978777426770393
2022-03-21,1,0.9996690472720758
2022-03-22,1,0.9988704270514558
2022-03-23,1,0.9994917222039554
2022-03-24,1,0.9997913028734104
2022-03-25,1,0.9985915659184205
2022-03-28,1,0.9965323082403567
2022-03-29,1,0.9907527749944691
2022-03-30,1,0.991454098465758
2022-03-31,1,0.9950892329579689
2022-04-01,1,0.998166453336417
2022-04-04,1,0.9977487264368602
2022-04-05,1,0.9980025161695257
2022-04-06,1,0.999913925025236
2022-04-07,1,0.9997885363880422
2022-04-08,1,0.9990596619394916
2022-04-11,1,0.9976204561755245
2022-04-12,1,0.9993432285230656
2022-04-13,1,0.9978119779455072
2022-04-14,1,0.99810810033103
2022-04-18,1,0.9996089465962464
2022-04-19,1,0.9991713506202761
2022-04-20,1,0.9993236389728835
2022-04-21,1,0.9998144688983189
2022-04-22,1,0.999922314168538
2022-04-25,1,0.99999881225037
2022-04-26,1,0.9998235850418561
2022-04-27,1,0.9999963454065512
2022-04-28,1,0.9999911543301684
2022-04-29,1,0.9999996137239036
2022-05-02,1,0.9999993983282918
2022-05-03,1,0.9999809168535182
2022-05-04,1,0.9999891128060706
2022-05-05,1,0.9999937269054416
2022-05-06,1,0.999999748312801
2022-05-09,1,0.9999962545729338
2022-05-10,1,0.9999962918263059
2022-05-11,1,0.9999998477535733
2022-05-12,1,0.9999999795046903
2022-05-13,1,0.9999958710385927
2022-05-16,1,0.999974796009597
2022-05-17,1,0.9999016268762644
2022-05-18,1,0.9999466712722569
2022-05-19,1,0.9999998007697068
2022-05-20,1,0.9999978670705901
2022-05-23,1,0.9999928180295762
2022-05-24,1,0.9999977413627188
2022-05-25,1,0.999949692426804
2022-05-26,1,0.9999621690356121
2022-05-27,1,0.9995861204219346
2022-05-31,1,0.9999886455512724
2022-06-01,1,0.9999450498064221
2022-06-02,1,0.9997141302438204
2022-06-03,1,0.9998710583087392
2022-06-06,1,0.9998328386834463
2022-06-07,1,0.9996483758488965
2022-06-08,1,0.9991017183213254
2022-06-09,1,0.9997275171035337
2022-06-10,1,0.999954795387272
2022-06-13,1,0.9999943616868255
2022-06-14,1,0.9999789281565661
2022-06-15,1,0.9999996456358456
2022-06-16,1,0.9999800297478125
2022-06-17,1,0.9999909038641208
2022-06-21,1,0.9999693270888355
2022-06-22,1,0.9999769962941822
2022-06-23,1,0.9999012446249244
2022-06-24,1,0.9988276013420951
2022-06-27,1,0.9990857109881359
2022-06-28,1,0.9993538325149579
2022-06-29,1,0.9999536448073484
2022-06-30,1,0.9999953810548367
2022-07-01,1,0.9998941144776673
2022-07-05,1,0.9998849250501854
2022-07-06,1,0.9997270262830538
2022-07-07,1,0.9961220616132419
2022-07-08,1,0.9975927480928994
2022-07-11,1,0.9979435712429742
2022-07-12,1,0.9998236589128765
2022-07-13,1,0.9999757581000083
2022-07-14,1,0.9999358907818737
2022-07-15,1,0.999588763871274
2022-07-18,1,0.9985952361548812
2022-07-19,1,0.9985647219671399
2022-07-20,1,0.9996033611021325
2022-07-21,1,0.9997523353848529
2022-07-22,1,0.9982424335692973
2022-07-25,1,0.9872117809970795
2022-07-26,1,0.9879582451224759
2022-07-27,1,0.9979504209419175
2022-07-28,1,0.9992132969124573
2022-07-29,1,0.9999234950798558
2022-08-01,1,0.9941724456143419
2022-08-02,1,0.984807173754195
2022-08-03,1,0.9487167612137402
2022-08-04,1,0.8657905019573966
2022-08-05,1,0.6899980161694538
2022-08-08,0,0.4960840769721131
2022-08-09,0,0.21604493662566351
2022-08-10,0,0.05513180470351118
2022-08-11,0,0.015408264289655225
2022-08-12,0,0.0059632284394565485
2022-08-15,0,0.004230707382415223
2022-08-16,0,0.011309438494335845
2022-08-17,0,0.03914358644470964
2022-08-18,0,0.033911859777269515
2022-08-19,0,0.036157467958290467
2022-08-22,0,0.06951633148939756
2022-08-23,0,0.1956311508405585
2022-08-24,0,0.24366143362357337
2022-08-25,0,0.3636122713730069
2022-08-26,1,0.9731731949465778
2022-08-29,1,0.9982851078831135
2022-08-30,1,0.9997930818242983
2022-08-31,1,0.9997448286199411
2022-09-01,1,0.9998222385921774
2022-09-02,1,0.9997948793019011
2022-09-06,1,0.9998996315515918
2022-09-07,1,0.9994480728339439
2022-09-08,1,0.999781306562146
2022-09-09,1,0.9967097572570519
2022-09-12,1,0.9977157308496424
2022-09-13,1,0.9998147665547558
2022-09-14,1,0.9999404700371086
2022-09-15,1,0.9998116249343741
2022-09-16,1,0.9997772642004217
2022-09-19,1,0.9997006462557704
2022-09-20,1,0.9998964359322547
2022-09-21,1,0.9999997757015723
2022-09-22,1,0.9998304555161518
2022-09-23,1,0.9997891551801387
2022-09-26,1,0.9999698142358419
2022-09-27,1,0.9999712477092747
2022-09-28,1,0.9999956612432878
2022-09-29,1,0.9999578774439055
2022-09-30,1,0.9999911071956841
2022-10-03,1,0.9999156137582005
2022-10-04,1,0.9980755894165341
2022-10-05,1,0.9996712502003439
2022-10-06,1,0.9995089438449813
2022-10-07,1,0.9987073255518166
2022-10-10,1,0.9999231029449609
2022-10-11,1,0.9998717498693902
2022-10-12,1,0.9990777169932001
2022-10-13,1,0.9999998709660105
2022-10-14,1,0.9999907636181632
2022-10-17,1,0.999528774019376
2022-10-18,1,0.9999985178770902
2022-10-19,1,0.9999200205226166
2022-10-20,1,0.999886376871832
2022-10-21,1,0.9999496019903964
2022-10-24,1,0.99981003896972
2022-10-25,1,0.9992874147245399
2022-10-26,1,0.9998023059352938
2022-10-27,1,0.9999867367821498
2022-10-28,1,0.9999901719736495
2022-10-31,1,0.9998586446344259
2022-11-01,1,0.9997975354867075
2022-11-02,1,0.9999995853077753
2022-11-03,1,0.9999860995892936
2022-11-04,1,0.9999998965986612
2022-11-07,1,0.9999275415859541
2022-11-08,1,0.999965507154507
2022-11-09,1,0.9995766423449897
2022-11-10,1,0.9999222730170545
2022-11-11,1,0.9999421742416609
2022-11-14,1,0.9994981968245807
2022-11-15,1,0.9999878333904106
2022-11-16,1,0.9997485692611578
2022-11-17,1,0.9992890321044167
2022-11-18,1,0.9984146355964065
2022-11-21,1,0.9926335759568035
2022-11-22,1,0.9884894500889797
2022-11-23,1,0.9914263372741869
2022-11-25,1,0.9750812061125075
2022-11-28,1,0.9838229440415391
2022-11-29,1,0.9990705122949415
2022-11-30,1,0.9999402793485506
2022-12-01,1,0.9996923154222275
2022-12-02,1,0.9991018388157746
2022-12-05,1,0.9998470944601564
2022-12-06,1,0.9998038538359737
2022-12-07,1,0.9999763939454078
2022-12-08,1,0.9998795812375442
2022-12-09,1,0.9998569679264909
2022-12-12,1,0.9996257509881491
2022-12-13,1,0.9999927929815259
2022-12-14,1,0.9999976186176419
2022-12-15,1,0.9999089458794408
2022-12-16,1,0.9999479674669346
2022-12-19,1,0.9997532933888786
2022-12-20,1,0.9999780330015374
2022-12-21,1,0.9995664605272975
2022-12-22,1,0.9999146943284692
2022-12-23,1,0.9999499512427162
2022-12-27,1,0.9993644848988654
2022-12-28,1,0.9999408796335232
2022-12-29,1,0.9993595077695999
2022-12-30,1,0.9993837893602953
2023-01-03,1,0.999989116063804
2023-01-04,1,0.9999946534318569
2023-01-05,1,0.9999471547412382
2023-01-06,1,0.9999884660526099
2023-01-09,1,0.9994100086257818
2023-01-10,1,0.9999612231018403
2023-01-11,1,0.9993344485281641
2023-01-12,1,0.9999851706859227
2023-01-13,1,0.9995522301818969
2023-01-17,1,0.999892314947105
2023-01-18,1,0.9997076241629251
2023-01-19,1,0.9996955537815299
2023-01-20,1,0.9978432989450325
2023-01-23,1,0.9998534092223741
2023-01-24,1,0.999511255549303
2023-01-25,1,0.9992833250829882
2023-01-26,1,0.9988535025302556
2023-01-27,1,0.9987794016016023
2023-01-30,1,0.9984593579164169
2023-01-31,1,0.9985927999104548
2023-02-01,1,0.9999698706402079
2023-02-02,1,0.9997802276163488
2023-02-03,1,0.9999992788223759
2023-02-06,1,0.9995100845850245
2023-02-07,1,0.9999843477218381
2023-02-08,1,0.9990784079994042
2023-02-09,1,0.9984391823855935
2023-02-10,1,0.9979948680652536
2023-02-13,1,0.9958754455975122
2023-02-14,1,0.99903322389224
2023-02-15,1,0.9958393926221752
2023-02-16,1,0.9894331475943329
2023-02-17,1,0.9778427114920333
2023-02-21,1,0.9581050902892498
2023-02-22,1,0.9544829305872793
2023-02-23,1,0.8617225704161778
2023-02-24,1,0.7810216604682989
2023-02-27,1,0.7189125597829696
2023-02-28,1,0.7090746245478964
2023-03-01,1,0.7612469234944905
2023-03-02,1,0.7847075917680906
2023-03-03,1,0.855582678678062
2023-03-06,1,0.9240801754101972
2023-03-07,1,0.967327057431727
2023-03-08,1,0.976611467591282
2023-03-09,1,0.992132942620854
2023-03-10,1,0.9996000296087348
2023-03-13,1,0.9999718766460512
2023-03-14,1,0.9998234900399843
2023-03-15,1,0.9997363518792522
2023-03-16,1,0.9988919921095724
2023-03-17,1,0.9994204412774864
2023-03-20,1,0.9980746237306928
2023-03-21,1,0.9969052179958918
2023-03-22,1,0.9989069312809181
2023-03-23,1,0.9920587376319175
2023-03-24,1,0.7329371690488
2023-03-27,0,0.27432837081389194
2023-03-28,0,0.05897372454969341
2023-03-29,0,0.0032050961959966037
2023-03-30,0,0.000282097797808805
2023-03-31,0,0.0003190479499126253
2023-04-03,0,0.0007668940905163224
2023-04-04,0,0.0010848775794956413
2023-04-05,0,0.00089158311334323
2023-04-06,0,0.0004595540791313903
2023-04-10,0,0.0004945291324995753
2023-04-11,0,0.000678734553249092
2023-04-12,0,0.002972249967866124
2023-04-13,0,0.00158000615928456
2023-04-14,0,0.0013592167863814815
2023-04-17,0,0.0007584449787078058
2023-04-18,0,0.0006603812608016119
2023-04-19,0,0.0002512479777603641
2023-04-20,0,0.0006995946370359708
2023-04-21,0,0.0006658713371464096
2023-04-24,0,0.0002502365747338532
2023-04-25,0,0.0007658923497257455
2023-04-26,0,0.00032033095606562214
2023-04-27,0,0.0006421080844897561
2023-04-28,0,0.007794471402260345
2023-05-01,0,0.014974421351011095
2023-05-02,0,0.029500132316015323
2023-05-03,0,0.13032893614380103
2023-05-04,0,0.12333918252972696
2023-05-05,0,0.10744659119320102
2023-05-08,0,0.013648579081503211
2023-05-09,0,0.001455063474585635
2023-05-10,0,0.0021792700524141707
2023-05-11,0,0.0009340720262915398
2023-05-12,0,0.0003012340030427005
2023-05-15,0,8.347645931977277e-05
2023-05-16,0,0.00010069973893084045
2023-05-17,0,0.00025485025452418893
2023-05-18,0,0.0005907035658118714
2023-05-19,0,0.0010968013600813821
2023-05-22,0,0.0004090807550102322
2023-05-23,0,0.002027589409055665
2023-05-24,0,0.02730115241089798
2023-05-25,0,0.10799951604251419
2023-05-26,0,0.18689162647160876
2023-05-30,1,0.5335430592565714
2023-05-31,1,0.6093708031265319
2023-06-01,1,0.647550203745971
2023-06-02,1,0.7847218055254247
2023-06-05,1,0.9560415406605883
2023-06-06,1,0.8674037949355783
2023-06-07,1,0.7680667432057904
2023-06-08,0,0.10508865615148431
2023-06-09,0,0.03435749031254405
2023-06-12,0,0.0025173570590905797
2023-06-13,0,0.0022493692233540386
2023-06-14,0,0.0037332681103789444
2023-06-15,0,0.0007151177094799065
2023-06-16,0,0.0004735918064023894
2023-06-20,0,0.00043732544203024137
2023-06-21,0,0.0005742635382034277
2023-06-22,0,0.00042597062521129497
2023-06-23,0,0.0002976455397757166
2023-06-26,0,0.0003952471165378343
2023-06-27,0,0.00014150817120001097
2023-06-28,0,0.0006787590933860941
2023-06-29,0,0.0003069902120981783
2023-06-30,0,7.633509205325612e-05
2023-07-03,0,2.6901894708308687e-05
2023-07-05,0,0.00016857272049453434
2023-07-06,0,0.0005641635893867872
2023-07-07,0,0.0003532535221784148
2023-07-10,0,0.0038009097207795774
2023-07-11,0,0.0012366245707624893
2023-07-12,0,0.0007576209776467455
2023-07-13,0,0.00012212484047435693
2023-07-14,0,8.718395280666466e-05
2023-07-17,0,0.0002122847512245926
2023-07-18,0,0.004801466088613996
2023-07-19,0,0.11376651059003463
2023-07-20,0,0.044640757278699886
2023-07-21,0,0.023874447400788108
2023-07-24,0,0.006424537327627716
2023-07-25,0,0.0002708941895389929
2023-07-26,0,0.0013226647658487812
2023-07-27,0,0.002554834123740704
2023-07-28,0,0.0008265278173117375
2023-07-31,0,0.0001816022722785523
2023-08-01,0,0.00176686908035335
2023-08-02,0,0.04199037303304675
2023-08-03,0,0.1907601238098144
2023-08-04,1,0.676704725250906
2023-08-07,1,0.6860108882476472
2023-08-08,0,0.407593074983287
2023-08-09,0,0.27126483616265284
2023-08-10,0,0.18238831542530665
2023-08-11,0,0.06004775858807916
2023-08-14,0,0.02936644298677797
2023-08-15,0,0.010303176989610193
2023-08-16,0,0.017848071122304077
2023-08-17,0,0.02750024432521369
2023-08-18,0,0.015926959640299602
2023-08-21,0,0.00429646424478656
2023-08-22,0,0.0018050227999139657
2023-08-23,0,0.0028679128433078058
2023-08-24,0,0.007273293628368849
2023-08-25,0,0.01988030077362954
2023-08-28,0,0.010250471502050279
2023-08-29,0,0.009476178324410892
2023-08-30,0,0.009294230824475534
2023-08-31,0,0.011002075227543873
2023-09-01,0,0.020168577066312122
2023-09-05,0,0.08826036692086689
2023-09-06,1,0.7010949740655339
2023-09-07,1,0.8425922999813455
2023-09-08,1,0.8512037158463881
2023-09-11,1,0.8552328398232922
2023-09-12,1,0.8669419294561433
2023-09-13,1,0.7308848995974674
2023-09-14,0,0.4537736792569909
2023-09-15,0,0.1612904141965893
2023-09-18,0,0.14140272565634698
2023-09-19,0,0.12956199403199378
2023-09-20,0,0.15965612275684737
2023-09-21,0,0.16990102493150103
2023-09-22,0,0.1980907293081902
2023-09-25,0,0.3141868823358609
2023-09-26,0,0.4790661660990559
2023-09-27,1,0.6556142027238588
2023-09-28,1,0.7317465654155938
2023-09-29,1,0.7477441007926312
2023-10-02,1,0.7619125034360216
2023-10-03,1,0.546516290217749
2023-10-04,0,0.28157634449123253
2023-10-05,0,0.1269065242156863
2023-10-06,0,0.10399703045357699
2023-10-09,0,0.05896088343180262
2023-10-10,0,0.04181399000525733
2023-10-11,0,0.04658999004464129
2023-10-12,0,0.09023934498093643
2023-10-13,0,0.24305121062292362
2023-10-16,1,0.5700210343320623
2023-10-17,1,0.7058287614988268
2023-10-18,1,0.8485444628697361
2023-10-19,1,0.9105358706201423
2023-10-20,1,0.9076229685858422
2023-10-23,1,0.9335310406315372
2023-10-24,1,0.9511202428213594
2023-10-25,1,0.964295693105448
2023-10-26,1,0.9944750833596122
2023-10-27,1,0.9917875088020188
2023-10-30,1,0.975010830102691
2023-10-31,1,0.9263029505409756
2023-11-01,1,0.869618062477245
2023-11-02,1,0.8160800596037097
2023-11-03,1,0.7872917502515749
2023-11-06,0,0.3332161136500373
2023-11-07,0,0.10058637186364378
2023-11-08,0,0.01569739784173151
2023-11-09,0,0.0044723090088505104
2023-11-10,0,0.0005074134196640327
2023-11-13,0,0.00013444926590149838
2023-11-14,0,0.00019339536706782903
2023-11-15,0,0.0003248199451852529
2023-11-16,0,0.0002896665919376237
2023-11-17,0,0.0001753200626115513
2023-11-20,0,0.0001245028279361496
2023-11-21,0,5.20518107106147e-05
2023-11-22,0,0.00010607050230829915
2023-11-24,0,1.6058221865332717e-05
2023-11-27,0,8.768481425280846e-05
2023-11-28,0,7.905996777884482e-05
2023-11-29,0,3.121188228105574e-05
2023-11-30,0,0.00018689934279392278
2023-12-01,0,0.00023911816947697217
2023-12-04,0,0.0002677742804400107
2023-12-05,0,0.0007227633890053047
2023-12-06,0,0.00048084503913525844
2023-12-07,0,0.00022021782947442042
2023-12-08,0,0.00012319720222884136
2023-12-11,0,0.0002016576014104772
2023-12-12,0,0.00011649681060963838
2023-12-13,0,0.0005371390636392888
2023-12-14,0,0.0006111057115366196
2023-12-15,0,0.00018670754597710954
2023-12-18,0,0.0003894676606488895
2023-12-19,0,5.675884988717451e-05
2023-12-20,0,7.57420889946836e-05
2023-12-21,0,0.000214805174973716
2023-12-22,0,9.555718304108275e-05
2023-12-26,0,2.1607415350399302e-05
2023-12-27,0,7.140906229721999e-05
2023-12-28,0,4.804539573647682e-05
2023-12-29,0,0.00019153103934819134
2024-01-02,0,0.009543628188023845
2024-01-03,0,0.009001555164711947
2024-01-04,0,0.005272675158027482
2024-01-05,0,0.004204146805725019
2024-01-08,0,0.0024689920526906554
2024-01-09,0,0.0008294692841397038
2024-01-10,0,0.0007683655813404567
2024-01-11,0,0.0027190416662249833
2024-01-12,0,0.0005767109439484385
2024-01-16,0,0.0013590186256536127
2024-01-17,0,0.0008438304358701228
2024-01-18,0,0.001028056409550397
2024-01-19,0,0.0006361814915001957
2024-01-22,0,0.003648938202278717
2024-01-23,0,0.0002565010329430674
2024-01-24,0,0.00018477149147293976
2024-01-25,0,0.0005925136363123392
2024-01-26,0,0.00045752262414525255
2024-01-29,0,0.004790583414731952
2024-01-30,0,0.03022688808613406
2024-01-31,0,0.07194330423234058
2024-02-01,0,0.08568990398625072
2024-02-02,0,0.11632612905617568
2024-02-05,0,0.0703933955351526
2024-02-06,0,0.008946412840815416
2024-02-07,0,0.002004534316530738
2024-02-08,0,9.584573533026876e-05
2024-02-09,0,4.7963672058698204e-05
2024-02-12,0,0.0002625715990918178
2024-02-13,0,0.0017351521273717887
2024-02-14,0,0.0014959708273857022
2024-02-15,0,0.004045157938160811
2024-02-16,0,0.003953241513768974
2024-02-20,0,0.002843790877818748
2024-02-21,0,0.0008822119150541912
2024-02-22,0,0.00019846175890308765
2024-02-23,0,0.00014219521571532125
2024-02-26,0,0.00035973709709966143
2024-02-27,0,0.006219918319072993
2024-02-28,0,0.010390580858950605
2024-02-29,0,0.030337371633371288
2024-03-01,0,0.04540045604053816
2024-03-04,0,0.081185736041203
2024-03-05,0,0.12010908420831792
2024-03-06,0,0.2065430528640485
2024-03-07,0,0.22321230822981844
2024-03-08,0,0.22957397088219042
2024-03-11,0,0.21215490349121957
2024-03-12,0,0.1735852975768399
2024-03-13,0,0.06920355437433713
2024-03-14,0,0.05733366839245036
2024-03-15,0,0.03760776191348556
2024-03-18,0,0.04250587583028776
2024-03-19,0,0.03849325131548822
2024-03-20,0,0.04180887765814785
2024-03-21,0,0.05639218636466476
2024-03-22,0,0.04118191961419611
2024-03-25,0,0.004551179702512164
2024-03-26,0,0.0005348920591242911
2024-03-27,0,0.001055034364487741
2024-03-28,0,0.000132694513463176
2024-04-01,0,3.285479606320619e-05
2024-04-02,0,4.179797585010514e-05
2024-04-03,0,0.0002933391223898324
2024-04-04,0,0.0003180174554695748
2024-04-05,0,0.0007088025964491681
2024-04-08,0,0.005513741515311493
2024-04-09,0,0.0995804622241176
2024-04-10,0,0.32596517569239786
2024-04-11,1,0.6389422965752587
2024-04-12,1,0.9336179897019241
2024-04-15,1,0.9582687339158983
2024-04-16,1,0.9295805971994611
2024-04-17,1,0.5840643223104408
2024-04-18,0,0.040246920800631414
2024-04-19,0,0.006705730180902801
2024-04-22,0,0.0017956800739514704
2024-04-23,0,0.0016517898117646313
2024-04-24,0,0.0070760072720687595
2024-04-25,0,0.019004770606672557
2024-04-26,0,0.03837154848597986
2024-04-29,0,0.11275816721026788
2024-04-30,0,0.1849574776440904
2024-05-01,0,0.18356048172872713
2024-05-02,0,0.14302369053720276
2024-05-03,0,0.14425581350492284
2024-05-06,0,0.125385624297373
2024-05-07,0,0.07899216811760504
2024-05-08,0,0.003906578619659693
2024-05-09,0,0.00014853335634102484
2024-05-10,0,0.00011010687936911246
2024-05-13,0,0.0001786837918758761
2024-05-14,0,0.00018593341848900332
2024-05-15,0,0.00014487070246002162
2024-05-16,0,8.798629080172945e-05
2024-05-17,0,3.6110236464301575e-05
2024-05-20,0,4.8802856775848034e-05
2024-05-21,0,4.801066260781864e-05
2024-05-22,0,0.0001579958292980149
2024-05-23,0,0.0007793475139314376
2024-05-24,0,0.00043740025933635204
2024-05-28,0,0.0026320468255859523
2024-05-29,0,0.0009464824563847264
2024-05-30,0,0.000570322606127581
2024-05-31,0,0.0019767992974501856
2024-06-03,0,0.0020016626807729957
2024-06-04,0,0.0028041402211080218
2024-06-05,0,0.008114734665381495
2024-06-06,0,0.034156576310995404
2024-06-07,0,0.2045940792947861
2024-06-10,1,0.9768970729812083
2024-06-11,1,0.9998664021758402
2024-06-12,1,0.9999984336891462
2024-06-13,1,0.9999571248034073
2024-06-14,1,0.999762304634961
2024-06-17,1,0.9999133383411102
2024-06-18,1,0.9998605725563743
2024-06-20,1,0.999850644671946
2024-06-21,1,0.9998914163021861
2024-06-24,1,0.9988902788801584
2024-06-25,1,0.994661353649674
2024-06-26,1,0.9920332470565282
2024-06-27,1,0.9891235290315383
2024-06-28,1,0.9893121621589643
2024-07-01,1,0.9786756037782006
2024-07-02,1,0.8222926519358335
2024-07-03,1,0.6133387523893317
2024-07-05,1,0.5882612629752567
2024-07-08,1,0.6406239901952735
2024-07-09,1,0.658795814060405
2024-07-10,1,0.7733377173846349
2024-07-11,1,0.95054883254259
2024-07-12,1,0.9673802091376836
2024-07-15,1,0.979164354483396
2024-07-16,1,0.9797971029960129
2024-07-17,1,0.9951799192895874
2024-07-18,1,0.999901371152595
2024-07-19,1,0.9986342539977365
2024-07-22,1,0.9989466675142138
2024-07-23,1,0.9949138735406844
2024-07-24,1,0.9989833272410094
2024-07-25,1,0.9998857892074865
2024-07-26,1,0.9996655562747712
2024-07-29,1,0.9991459457281818
2024-07-30,1,0.9988781835131572
2024-07-31,1,0.9991067036622049
2024-08-01,1,0.9998309368327584
2024-08-02,1,0.9999990805121433
2024-08-05,1,0.9999999917199803
2024-08-06,1,0.9999976947890091
2024-08-07,1,0.9998574297202112
2024-08-08,1,0.9864131974605684
2024-08-09,1,0.8487479528753044
2024-08-12,1,0.6934930429536463
2024-08-13,0,0.4212144801153187
2024-08-14,0,0.2380950778975603
2024-08-15,0,0.018944213680894946
2024-08-16,0,0.004077678746910133
2024-08-19,0,0.0026413843415791206
2024-08-20,0,0.007464115748261802
2024-08-21,0,0.03994028637377147
2024-08-22,0,0.0712004377373194
2024-08-23,0,0.11707120362130716
2024-08-26,0,0.12283739269004021
2024-08-27,0,0.1965260467041829
2024-08-28,1,0.5009968787442514
2024-08-29,1,0.7773823509393917
2024-08-30,1,0.8671959397486191
2024-09-03,1,0.9653258789496423
2024-09-04,1,0.9987492860956027
2024-09-05,1,0.9993741276485075
2024-09-06,1,0.999947010056799
2024-09-09,1,0.9999358269184929
2024-09-10,1,0.9991410993522203
2024-09-11,1,0.993224459342906
2024-09-12,1,0.9610812673132165
2024-09-13,1,0.9327453297171792
2024-09-16,1,0.9360762248165662
2024-09-17,1,0.9428308582282131
2024-09-18,1,0.9694457432963975
2024-09-19,1,0.9347540457909017
2024-09-20,1,0.8968654880217679
2024-09-23,0,0.3081737198786202
2024-09-24,0,0.056226325122770655
2024-09-25,0,0.007539004522673202
2024-09-26,0,0.002815891304932965
2024-09-27,0,0.0006514821930981917
2024-09-30,0,0.0025332725167495824
2024-10-01,0,0.00831348844622515
2024-10-02,0,0.0112303234955791
2024-10-03,0,0.006599567931894934
2024-10-04,0,0.0015491972817569856
2024-10-07,0,0.0009097480592194956
2024-10-08,0,0.0006071931542029124
2024-10-09,0,0.0002837915696075164
2024-10-10,0,0.00015852773738056486
2024-10-11,0,0.0003623475839317667
2024-10-14,0,0.0027155076567072973
2024-10-15,0,0.012899284196996562
2024-10-16,0,0.002405734930647618
2024-10-17,0,0.0011011080599482059
2024-10-18,0,0.00013922749559406626
2024-10-21,0,0.00018959536053230882
2024-10-22,0,0.001362988770638268
2024-10-23,0,0.013561989856133251
2024-10-24,0,0.002882110833821153
2024-10-25,0,0.001389891728348769
2024-10-28,0,0.002945647278709713
2024-10-29,0,0.02300839041590867
2024-10-30,0,0.12349128510543858
2024-10-31,1,0.5361586617051518
2024-11-01,1,0.7121898113447405
2024-11-04,1,0.7248340197524202
2024-11-05,1,0.7199561187706043
2024-11-06,1,0.787178880633141
2024-11-07,0,0.07026769433364521
2024-11-08,0,0.010023079796221843
2024-11-11,0,0.003770295323930315
2024-11-12,0,0.0013973778694513599
2024-11-13,0,0.002033603835296447
2024-11-14,0,0.0007778223306151103
2024-11-15,0,0.0002016511824017993
2024-11-18,0,0.00016122928320911914
2024-11-19,0,0.00044680498174215065
2024-11-20,0,0.0036073656331242513
2024-11-21,0,0.008213629371941884
2024-11-22,0,0.0032913806745906056
2024-11-25,0,0.005576029008664211
2024-11-26,0,0.0013250932288344835
2024-11-27,0,0.00020539576201299788
2024-11-29,0,5.439209839551392e-05
2024-12-02,0,0.0001305237926134984
2024-12-03,0,0.00015840287403415273
2024-12-04,0,8.935492908171025e-05
2024-12-05,0,6.182941878035248e-05
2024-12-06,0,0.00014102017661538443
2024-12-09,0,0.0005078553466125572
2024-12-10,0,0.0003116210563759554
2024-12-11,0,0.0002771381007182482
2024-12-12,0,0.00030983724905707106
2024-12-13,0,0.0007625061992167291
2024-12-16,0,0.008056179078058221
2024-12-17,0,0.02285802029278682
2024-12-18,0,0.07631334073881245
2024-12-19,0,0.08568138797488034
2024-12-20,0,0.07784999228577086
2024-12-23,0,0.015148526151378254
2024-12-24,0,0.0004650574578944827
2024-12-26,0,0.0001525204525997961
2024-12-27,0,0.0014370745833309252
2024-12-30,0,0.0024530082822225335
2024-12-31,0,0.0030140323059585604
